,owner,course_name,price,final_rating,link,training_period
0,Skillbox,Профессия Разработчик VR & AR,251721,0,https://kurshub.ru/go/?id=63736,12
1,Skillbox,Профессия Геймдизайнер с нуля до PRO,210475,0,https://kurshub.ru/go/?id=63673,12
2,Skillbox,Профессия Разработчик на Unreal Engine 4 с нуля до Middle,197564,0,https://kurshub.ru/go/?id=63734,24
3,Skillbox,Профессия DevOps-инженер PRO,196625,0,https://kurshub.ru/go/?id=63769,6
4,Skillbox,Профессия Мобильный разработчик,166980,0,https://kurshub.ru/go/?id=63708,8
5,Skillbox,Профессия Разработчик,161771,0,https://kurshub.ru/go/?id=63727,6
6,Skillbox,Профессия Разработчик игр на Unity с нуля до Middle,158843,0,https://kurshub.ru/go/?id=63729,20
7,Skillbox,Профессия Python-разработчик,157300,0,https://kurshub.ru/go/?id=63787,12
8,Skillbox,Профессия Android-разработчик,153065,0,https://kurshub.ru/go/?id=63763,20
9,Skillbox,Профессия Разработчик игр на Unity,148377,0,https://kurshub.ru/go/?id=63728,9
10,Skillbox,Профессия Инженер по тестированию,148225,0,https://kurshub.ru/go/?id=63685,7
11,Skillbox,Профессия Инженер по тестированию,144460,0,https://kurshub.ru/go/?id=63686,7
12,Skillbox,Профессия Java-разработчик,134613,0,https://kurshub.ru/go/?id=63780,9
13,Skillbox,Разработчик игр на Unity с нуля,123222,0,https://kurshub.ru/go/?id=63799,3
14,Skillbox,Профессия 1C-разработчик,121000,0,https://kurshub.ru/go/?id=63657,6
15,Skillbox,Профессия Middle-разработчик на Unreal Engine 4,116438,0,https://kurshub.ru/go/?id=63783,14
16,Skillbox,Профессия Инженер по автоматизации тестирования,114345,0,https://kurshub.ru/go/?id=63684,4
17,Skillbox,Профессия Разработчик игр на Unreal Engine 4,110603,0,https://kurshub.ru/go/?id=63730,12
18,Skillbox,No-code разработчик,102000,0,https://kurshub.ru/go/?id=63933,8
19,Skillbox,Разработчик игр на Unreal Engine 4. Junior+,99571,0,https://kurshub.ru/go/?id=63801,10
20,Skillbox,Профессия Программист дрона,99000,0,https://kurshub.ru/go/?id=63719,12
21,Skillbox,Профессия Программист дронов и роботов,96558,0,https://kurshub.ru/go/?id=63720,6
22,Skillbox,Профессия PHP-разработчик с нуля до PRO,91871,0,https://kurshub.ru/go/?id=63785,7
23,Skillbox,Автоматизация тестирования на python,90383,0,https://kurshub.ru/go/?id=63465,9
24,Skillbox,Middle-разработчик игр на Unity,89743,0,https://kurshub.ru/go/?id=63930,3
25,Skillbox,Android-разработчик. Базовый уровень,81900,0,https://kurshub.ru/go/?id=63888,3.5
26,Skillbox,Профессия Пилот дрона,77786,0,https://kurshub.ru/go/?id=63716,5
27,Skillbox,Python Basic,77642,0,https://kurshub.ru/go/?id=63947,4
28,Skillbox,Веб-разработчик с нуля до PRO,77406,0,https://kurshub.ru/go/?id=63509,10
29,Skillbox,Видеопродакшн в Unreal Engine 4,76849,0,https://kurshub.ru/go/?id=63511,2
30,Skillbox,VR-разработчик на Unreal Engine 4,76849,0,https://kurshub.ru/go/?id=63974,2
31,Skillbox,Android-разработчик. Базовый уровень,74324,0,https://kurshub.ru/go/?id=63887,4
32,Skillbox,Основы тестирования,74052,0,https://kurshub.ru/go/?id=63624,4
33,Skillbox,Беспилотная аэрологистика,70000,0,https://kurshub.ru/go/?id=63484,3
34,Skillbox,Разработчик игр на Unreal Engine 4. Junior,69237,0,https://kurshub.ru/go/?id=63800,5
35,Skillbox,Монетизация в играх,69136,0,https://kurshub.ru/go/?id=63598,4
36,Skillbox,PHP-разработчик. Базовый уровень,63685,0,https://kurshub.ru/go/?id=63939,3
37,Skillbox,Психология видеоигр,62100,0,https://kurshub.ru/go/?id=63796,5
38,Skillbox,Тестирование мобильных приложений,60561,0,https://kurshub.ru/go/?id=63842,4
39,Skillbox,Алгоритмы и структуры данных для разработчиков,47719,0,https://kurshub.ru/go/?id=63471,3
40,Skillbox,Анализ данных с дронов,47450,0,https://kurshub.ru/go/?id=63472,3
41,Skillbox,Проектирование дронов,47000,0,https://kurshub.ru/go/?id=63654,2
42,Skillbox,FPV-пилотирование,45623,0,https://kurshub.ru/go/?id=63916,3
43,Skillbox,Python-фреймворк Django,44445,0,https://kurshub.ru/go/?id=63949,3
44,Skillbox,Автоматизированное тестирование веб-приложений на JavaScript,43560,0,https://kurshub.ru/go/?id=63466,4
45,Skillbox,Kotlin,43258,0,https://kurshub.ru/go/?id=63927,2
46,Skillbox,Разработчик на Bubble,39504,0,https://kurshub.ru/go/?id=63802,4
47,Skillbox,Автоматизированное тестирование для бизнеса,39000,0,https://kurshub.ru/go/?id=63467,4
48,Skillbox,Дизайнер сайтов на Tilda,35078,0,https://kurshub.ru/go/?id=63524,4
49,Skillbox,Автоматизированное тестирование на Java,31460,0,https://kurshub.ru/go/?id=63468,2
50,Skillbox,Карьера разработчика: трудоустройство и развитие,29313,0,https://kurshub.ru/go/?id=63558,2
51,Skillbox,Пилотирование дронов,24176,0,https://kurshub.ru/go/?id=63630,2
52,Skillbox,Python для инженеров,18676,0,https://kurshub.ru/go/?id=63946,2
53,Skillbox,Управление командами digital-специалистов,18216,0,https://kurshub.ru/go/?id=63850,1
54,Skillbox,Введение в беспилотную авиацию,0,0,https://kurshub.ru/go/?id=63702,0
55,Skillbox,Введение в программирование,0,0,https://kurshub.ru/go/?id=63770,0
56,Skillbox,Веб-программирование,0,0,https://kurshub.ru/go/?id=63791,0
57,Skillbox,Видеоуроки по Python,0,0,https://kurshub.ru/go/?id=63737,0
58,Skillbox,Android-разработка,0,0,https://kurshub.ru/go/?id=63701,0
59,Skillbox,Java-разработка,0,0,https://kurshub.ru/go/?id=63569,0
60,Skillbox,Let`s GO! Учимся кодить на Golang за 3 дня,0,0,https://kurshub.ru/go/?id=63832,0
61,Skillbox,Unity,0,0,https://kurshub.ru/go/?id=63568,0
62,Skillbox,Unreal Engine 4,0,0,https://kurshub.ru/go/?id=66109,0
63,Skillbox,Профессия Маркетинг для fashion-брендов,156090,0,https://kurshub.ru/go/?id=63790,12
64,Skillbox,Профессия Digital-стратег,134351,0,https://kurshub.ru/go/?id=63667,14
65,Skillbox,Профессия SMM-специалист,120395,0,https://kurshub.ru/go/?id=63837,24
66,Skillbox,Профессия Редактор с нуля до PRO,118278,0,https://kurshub.ru/go/?id=63705,12
67,Skillbox,Профессия Маркетинг в ресторанном бизнесе PRO,106359,0,https://kurshub.ru/go/?id=63754,6
68,Skillbox,Концепт-арт в играх,102487,0,https://kurshub.ru/go/?id=63833,4
69,Skillbox,Стрим-блогер,100767,0,https://kurshub.ru/go/?id=63585,12
70,Skillbox,Контент-менеджер в SMM,100430,0,https://kurshub.ru/go/?id=63830,8
71,Skillbox,Директор по маркетингу,97750,0,https://kurshub.ru/go/?id=63789,4
72,Skillbox,Профессия SEO-специалист с нуля до PRO,93750,0,https://kurshub.ru/go/?id=63697,18
73,Skillbox,Профессия Бренд-менеджер,93170,0,https://kurshub.ru/go/?id=63749,4
74,Skillbox,Таргетолог 3.0,92950,0,https://kurshub.ru/go/?id=63907,3
75,Skillbox,Профессия Менеджер маркетплейсов,88358,0,https://kurshub.ru/go/?id=63564,9
76,Skillbox,Профессия Таргетолог с нуля до PRO,87120,0,https://kurshub.ru/go/?id=63588,24
77,Skillbox,Стример,73675,0,https://kurshub.ru/go/?id=63591,4
78,Skillbox,Личный бренд спортсмена,70402,0,https://kurshub.ru/go/?id=63953,3
79,Skillbox,Сторителлинг,68815,0,https://kurshub.ru/go/?id=63750,4
80,Skillbox,Профессия SEO-специалист,67496,0,https://kurshub.ru/go/?id=63954,12
81,Skillbox,Профессия Копирайтер с нуля до PRO,63525,0,https://kurshub.ru/go/?id=63528,10
82,Skillbox,Профессия Специалист по контекстной рекламе,63322,0,https://kurshub.ru/go/?id=63807,12
83,Skillbox,Digital-стратегия,60222,0,https://kurshub.ru/go/?id=63574,3
84,Skillbox,Коммерческий редактор,54278,0,https://kurshub.ru/go/?id=63959,4
85,Skillbox,Маркетинг для предпринимателей,54278,0,https://kurshub.ru/go/?id=63587,3
86,Skillbox,Международное SEO,51166,0,https://kurshub.ru/go/?id=63652,3
87,Skillbox,SEO PRO,48727,0,https://kurshub.ru/go/?id=63571,3
88,Skillbox,Профессия Специалист по продвижению ВКонтакте,47940,0,https://kurshub.ru/go/?id=63555,4.5
89,Skillbox,SEO-специалист от AMDG,44125,0,https://kurshub.ru/go/?id=63567,5
90,Skillbox,Запуск и продвижение YouTube-канала,43487,0,https://kurshub.ru/go/?id=63562,3
91,Skillbox,Репутационный менеджмент и маркетинг,43487,0,https://kurshub.ru/go/?id=63573,2
92,Skillbox,Креативные техники,43487,0,https://kurshub.ru/go/?id=63575,3.5
93,Skillbox,SMM-стратегия,43487,0,https://kurshub.ru/go/?id=63681,3
94,Skillbox,Маркетинг в ресторанном бизнесе,42834,0,https://kurshub.ru/go/?id=63659,2
95,Skillbox,Продюсер YouTube-шоу,40267,0,https://kurshub.ru/go/?id=63674,1.5
96,Skillbox,Копирайтинг от А до Я 2.0,37629,0,https://kurshub.ru/go/?id=63821,4
97,Skillbox,Как продавать на Wildberries,37002,0,https://kurshub.ru/go/?id=63711,4
98,Skillbox,Контекстная реклама с нуля,36300,0,https://kurshub.ru/go/?id=63682,3
99,Skillbox,Количественные исследования,33170,0,https://kurshub.ru/go/?id=63746,2
100,Skillbox,Креативная реклама,30067,0,https://kurshub.ru/go/?id=63699,2
101,Skillbox,Креативный копирайтинг,24288,0,https://kurshub.ru/go/?id=63784,2
102,Skillbox,Профессия Директор по маркетингу,22874,0,https://kurshub.ru/go/?id=63794,10
103,Skillbox,Контекстная реклама,0,0,https://kurshub.ru/go/?id=63700,0
104,Skillbox,Таргетированная реклама,0,0,https://kurshub.ru/go/?id=63740,0
105,Skillbox,Профессия 3D-аниматор,243182,0,https://kurshub.ru/go/?id=63793,12
106,Skillbox,Профессия Геймификатор,205037,0,https://kurshub.ru/go/?id=63810,16
107,Skillbox,Сонграйтер,178664,0,https://kurshub.ru/go/?id=63518,12
108,Skillbox,Профессия Оператор,178664,0,https://kurshub.ru/go/?id=63709,4
109,Skillbox,Профессия Звукорежиссёр,171807,0,https://kurshub.ru/go/?id=63660,14
110,Skillbox,Профессия Создание электронной музыки,160618,0,https://kurshub.ru/go/?id=63522,12
111,Skillbox,Профессия Ландшафтный дизайнер,157796,0,https://kurshub.ru/go/?id=63725,12
112,Skillbox,Профессия Motion-дизайнер,151250,0,https://kurshub.ru/go/?id=63965,13
113,Skillbox,Профессия UX/UI-дизайнер,151250,0,https://kurshub.ru/go/?id=63973,12
114,Skillbox,Профессия Ландшафтный дизайнер PRO,151250,0,https://kurshub.ru/go/?id=63488,18
115,Skillbox,Профессия Рекламный фотограф с нуля,136895,0,https://kurshub.ru/go/?id=63865,24
116,Skillbox,Профессия UX-дизайнер (5 курсов),134552,0,https://kurshub.ru/go/?id=63454,10
117,Skillbox,Свадебный фотограф,130898,0,https://kurshub.ru/go/?id=63534,6
118,Skillbox,Графический дизайнер с нуля до PRO,124937,0,https://kurshub.ru/go/?id=63601,8
119,Skillbox,Профессия Нарративный дизайнер,124810,0,https://kurshub.ru/go/?id=63643,8
120,Skillbox,Профессия 3D-визуализатор,124375,0,https://kurshub.ru/go/?id=63647,12
121,Skillbox,Дизайнер интерьеров с нуля до PRO,111804,0,https://kurshub.ru/go/?id=63563,6
122,Skillbox,Профессия Продюсер игр,108282,0,https://kurshub.ru/go/?id=63913,12
123,Skillbox,Substance painter для игр,98496,0,https://kurshub.ru/go/?id=63950,7
124,Skillbox,VFX в Houdini,97434,0,https://kurshub.ru/go/?id=63515,5
125,Skillbox,Битмейкинг,87942,0,https://kurshub.ru/go/?id=63499,4
126,Skillbox,Фотография с нуля до PRO,83074,0,https://kurshub.ru/go/?id=63531,8
127,Skillbox,2D PRO,82272,0,https://kurshub.ru/go/?id=63870,4
128,Skillbox,Игровой баланс,79265,0,https://kurshub.ru/go/?id=63570,3
129,Skillbox,Музыкальный менеджер,78682,0,https://kurshub.ru/go/?id=63656,6
130,Skillbox,Продвинутый монтаж,77634,0,https://kurshub.ru/go/?id=63962,6
131,Skillbox,Продюсер игр,76627,0,https://kurshub.ru/go/?id=63931,4.5
132,Skillbox,Коммерческая иллюстрация с нуля до PRO,74640,0,https://kurshub.ru/go/?id=63970,5
133,Skillbox,Fashion-фотография,74640,0,https://kurshub.ru/go/?id=63811,4
134,Skillbox,Realtime Landscaping Architect,71563,0,https://kurshub.ru/go/?id=63856,2
135,Skillbox,Геймдизайн. Базовый уровень,71078,0,https://kurshub.ru/go/?id=63513,3
136,Skillbox,Введение в операторское мастерство,70591,0,https://kurshub.ru/go/?id=63635,3
137,Skillbox,Звук в играх,70296,0,https://kurshub.ru/go/?id=63617,5
138,Skillbox,Электронная музыка с нуля до PRO,67857,0,https://kurshub.ru/go/?id=63806,8
139,Skillbox,Концепт-арт в кино,65436,0,https://kurshub.ru/go/?id=63580,3
140,Skillbox,Пространства для бизнеса: как создать и управлять,65138,0,https://kurshub.ru/go/?id=63655,4
141,Skillbox,Sound Design с нуля до PRO,62680,0,https://kurshub.ru/go/?id=63532,6
142,Skillbox,Motion-дизайн. Основа,62332,0,https://kurshub.ru/go/?id=63871,8
143,Skillbox,UX-дизайнер с нуля до PRO,62073,0,https://kurshub.ru/go/?id=63548,6
144,Skillbox,Сведение и мастеринг,61846,0,https://kurshub.ru/go/?id=63809,4
145,Skillbox,Уровень PRO. Монтаж в кино,61846,0,https://kurshub.ru/go/?id=63884,3
146,Skillbox,Визуализация в 3Ds Max и V-Ray,51703,0,https://kurshub.ru/go/?id=63600,5
147,Skillbox,Прикладная теория музыки,50338,0,https://kurshub.ru/go/?id=63915,3
148,Skillbox,Основы монтажа,50203,0,https://kurshub.ru/go/?id=63938,3
149,Skillbox,Рекламная фотография,49731,0,https://kurshub.ru/go/?id=63891,4
150,Skillbox,Ландшафтный дизайн с нуля,48883,0,https://kurshub.ru/go/?id=63899,4
151,Skillbox,Проектирование и визуализация в SketchUp,43870,0,https://kurshub.ru/go/?id=63543,3
152,Skillbox,Звукозапись,42425,0,https://kurshub.ru/go/?id=63808,2
153,Skillbox,Элементарная музыкальная теория,41120,0,https://kurshub.ru/go/?id=63817,4
154,Skillbox,История дизайна интерьеров XX века,38595,0,https://kurshub.ru/go/?id=63581,3
155,Skillbox,Свадебная фотография,36836,0,https://kurshub.ru/go/?id=63866,3
156,Skillbox,After Effects с нуля до PRO,36836,0,https://kurshub.ru/go/?id=63633,4
157,Skillbox,Монтаж в DaVinci,36353,0,https://kurshub.ru/go/?id=63634,2
158,Skillbox,FL Studio,34961,0,https://kurshub.ru/go/?id=63458,3
159,Skillbox,Photoshop с 0 до PRO,33115,0,https://kurshub.ru/go/?id=63882,2
160,Skillbox,Autodesk Maya 2.0,32251,0,https://kurshub.ru/go/?id=63922,2
161,Skillbox,Cinema 4D с нуля,30682,0,https://kurshub.ru/go/?id=63597,4
162,Skillbox,Интерьерная фотография,29803,0,https://kurshub.ru/go/?id=63890,2
163,Skillbox,Ретушь для фотографа,29803,0,https://kurshub.ru/go/?id=63614,2
164,Skillbox,Скетчинг для дизайнеров интерьера,29803,0,https://kurshub.ru/go/?id=63820,2
165,Skillbox,Ландшафтный скетчинг,29803,0,https://kurshub.ru/go/?id=63819,2
166,Skillbox,Фуд-фотография,29803,0,https://kurshub.ru/go/?id=63765,6
167,Skillbox,Портретная фотография,29803,0,https://kurshub.ru/go/?id=66229,3
168,Skillbox,Предметная фотография,29803,0,https://kurshub.ru/go/?id=63905,3
169,Skillbox,3D-моделирование в ZBrush с нуля,29803,0,https://kurshub.ru/go/?id=63903,2
170,Skillbox,Adobe Illustrator с нуля,24529,0,https://kurshub.ru/go/?id=63929,2
171,Skillbox,InDesign,24529,0,https://kurshub.ru/go/?id=63606,4
172,Skillbox,Мобильная фотография,23650,0,https://kurshub.ru/go/?id=63502,15
173,Skillbox,AutoCAD с нуля до PRO,23228,0,https://kurshub.ru/go/?id=63942,2
174,Skillbox,Основы колористики и композиции,17507,0,https://kurshub.ru/go/?id=63858,1
175,Skillbox,Создание игровой локации,14744,0,https://kurshub.ru/go/?id=63876,1
176,Skillbox,Создание волос в Houdini,14442,0,https://kurshub.ru/go/?id=63963,1
177,Skillbox,Введение в игровую индустрию,0,0,https://kurshub.ru/go/?id=63966,0
178,Skillbox,Видеомастерская,0,0,https://kurshub.ru/go/?id=63941,0
179,Skillbox,Графический дизайн,0,0,https://kurshub.ru/go/?id=63909,0
180,Skillbox,Дизайн интерьера,0,0,https://kurshub.ru/go/?id=63616,0
181,Skillbox,Как создается рекламный ролик,0,0,https://kurshub.ru/go/?id=63595,0
182,Skillbox,Скетчинг,0,0,https://kurshub.ru/go/?id=63668,0
183,Skillbox,Монтаж,0,0,https://kurshub.ru/go/?id=63527,0
184,Skillbox,Фотография,0,0,https://kurshub.ru/go/?id=63744,0
185,Skillbox,Cinema 4D,0,0,https://kurshub.ru/go/?id=66227,0
186,Skillbox,Photoshop,0,0,https://kurshub.ru/go/?id=63707,0
187,Skillbox,2D- и 3D-графика,0,0,https://kurshub.ru/go/?id=63726,0
188,Skillbox,UX/UI,0,0,https://kurshub.ru/go/?id=63663,0
189,Skillbox,Профессия Data Analyst,152625,0,https://kurshub.ru/go/?id=63921,9
190,Skillbox,Профессия Инженер умного дома,126300,0,https://kurshub.ru/go/?id=63683,15
191,Skillbox,Data Scientist с нуля до Junior,110715,0,https://kurshub.ru/go/?id=63650,6
192,Skillbox,Data Analyst с нуля до Junior,96455,0,https://kurshub.ru/go/?id=63761,6
193,Skillbox,Machine Learning с нуля до Junior,96455,0,https://kurshub.ru/go/?id=63777,12
194,Skillbox,Нейросети: практический курс,75900,0,https://kurshub.ru/go/?id=63757,3
195,Skillbox,Введение в data science,60991,0,https://kurshub.ru/go/?id=63529,5
196,Skillbox,Power BI PRO,49361,0,https://kurshub.ru/go/?id=63771,5
197,Skillbox,Философия искусственного интеллекта,37249,0,https://kurshub.ru/go/?id=63861,1
198,Skillbox,Язык R для анализа данных,37217,0,https://kurshub.ru/go/?id=63594,4
199,Skillbox,SQL для анализа данных,37217,0,https://kurshub.ru/go/?id=63629,2
200,Skillbox,Tableau,34085,0,https://kurshub.ru/go/?id=63530,2
201,Skillbox,Power BI,33137,0,https://kurshub.ru/go/?id=63854,2
202,Skillbox,Excel + Google Таблицы с нуля до PRO,32844,0,https://kurshub.ru/go/?id=63539,4
203,Skillbox,Основы математики для Data Science,32500,0,https://kurshub.ru/go/?id=63855,2
204,Skillbox,Менеджмент в онлайн-образовании,164584,0,https://kurshub.ru/go/?id=63862,8
205,Skillbox,Профессия Бухгалтер,138353,0,https://kurshub.ru/go/?id=63828,4
206,Skillbox,Директор клиентского сервиса,131113,0,https://kurshub.ru/go/?id=63779,4
207,Skillbox,Профессия Руководитель проектов в онлайн-образовании,128700,0,https://kurshub.ru/go/?id=63536,18
208,Skillbox,Финансовый директор,126300,0,https://kurshub.ru/go/?id=63572,4
209,Skillbox,Профессия Методист с нуля до PRO,125538,0,https://kurshub.ru/go/?id=63860,12
210,Skillbox,Профессия Продюсер онлайн-курсов с нуля до PRO,125400,0,https://kurshub.ru/go/?id=63559,12
211,Skillbox,Профессия Аналитик 1С,123750,0,https://kurshub.ru/go/?id=63900,9
212,Skillbox,HR-менеджер с нуля,122719,0,https://kurshub.ru/go/?id=63608,5
213,Skillbox,Профессия Инвестиционный аналитик,118580,0,https://kurshub.ru/go/?id=63582,10
214,Skillbox,Продюсер онлайн-курсов с нуля до PRO,105312,0,https://kurshub.ru/go/?id=63596,5
215,Skillbox,Профессия Экономист-финансист,103125,0,https://kurshub.ru/go/?id=63847,12
216,Skillbox,Профессия HR бизнес-партнёр,98615,0,https://kurshub.ru/go/?id=63908,10
217,Skillbox,Профессия Финансовый менеджер,96195,0,https://kurshub.ru/go/?id=63612,12
218,Skillbox,Запуск и продюсирование онлайн-курсов,90882,0,https://kurshub.ru/go/?id=63618,4
219,Skillbox,Профессия Event-менеджер,85437,0,https://kurshub.ru/go/?id=63453,9
220,Skillbox,Финансовый аналитик,78541,0,https://kurshub.ru/go/?id=63859,4
221,Skillbox,Менеджмент в индустрии красоты,71805,0,https://kurshub.ru/go/?id=63718,3
222,Skillbox,Персональный стилист,70682,0,https://kurshub.ru/go/?id=63797,4
223,Skillbox,Защита интеллектуальной собственности,65276,0,https://kurshub.ru/go/?id=63632,4
224,Skillbox,Управление современной школой,65138,0,https://kurshub.ru/go/?id=63622,4
225,Skillbox,"Инструменты бухгалтера. 1С:Бухгалтерия, 1С:ЗУП",64321,0,https://kurshub.ru/go/?id=63480,4
226,Skillbox,Управление современной школой,63621,0,https://kurshub.ru/go/?id=63475,4
227,Skillbox,Финансы для предпринимателя,62957,0,https://kurshub.ru/go/?id=63798,3
228,Skillbox,Стилист fashion-съёмок,61453,0,https://kurshub.ru/go/?id=63546,3
229,Skillbox,Профессия IT-рекрутёр,60480,0,https://kurshub.ru/go/?id=63514,2.5
230,Skillfactory,Управление IT-продуктом,912000,0,https://kurshub.ru/go/?id=64071,24
231,Skillfactory,Профессия Разработчик игр на Unity PRO,205920,0,https://kurshub.ru/go/?id=64042,18
232,Skillfactory,Профессия Android-разработчик,174240,0,https://kurshub.ru/go/?id=64046,16
233,Skillfactory,Профессия iOS-разработчик,168840,0,https://kurshub.ru/go/?id=64054,12
234,Skillfactory,IT-специалист с нуля,161640,0,https://kurshub.ru/go/?id=64079,8
235,Skillfactory,Профессия Разработчик игр на Unity,153360,0,https://kurshub.ru/go/?id=64041,12
236,Skillfactory,Профессия Product Manager,151560,0,https://kurshub.ru/go/?id=64056,12
237,Skillfactory,Профессия Project Manager в IT,151200,0,https://kurshub.ru/go/?id=64057,12
238,Skillfactory,Профессия Python-разработчик,145080,0,https://kurshub.ru/go/?id=64058,10
239,Skillfactory,Тестировщик на Java,142200,0,https://kurshub.ru/go/?id=64067,11
240,Skillfactory,Тестировщик на Python,140760,0,https://kurshub.ru/go/?id=64069,9
241,Skillfactory,Профессия Backend-разработчик на Go,133200,0,https://kurshub.ru/go/?id=64047,12
242,Skillfactory,Интенсив по Python,129240,0,https://kurshub.ru/go/?id=64001,10
243,Skillfactory,DevOps — ﻿инженер,125640,0,https://kurshub.ru/go/?id=64076,6
244,Skillfactory,Профессия C++ разработчик,125280,0,https://kurshub.ru/go/?id=64049,8.5
245,Skillfactory,Профессия 1С-программист,124560,0,https://kurshub.ru/go/?id=64036,9.5
246,Skillfactory,Специализация Frontend-разработчик,100080,0,https://kurshub.ru/go/?id=64063,7
247,Skillfactory,Интенсивный курс по ручному тестированию,93600,0,https://kurshub.ru/go/?id=64002,2
248,Skillfactory,Онлайн магистратура «Науки о Данных»,912000,0,https://kurshub.ru/go/?id=64029,12
249,Skillfactory,Прикладной анализ данных в медицине,912000,0,https://kurshub.ru/go/?id=64034,24
250,Skillfactory,Онлайн магистратура «Прикладной анализ данных в медицинской сфере»,912000,0,https://kurshub.ru/go/?id=66111,24
251,Skillfactory,Анализ естественного языка (NLP) в лингвистике и IT,640000,0,https://kurshub.ru/go/?id=63996,24
252,Skillfactory,Data Scientist с нуля до PRO,244440,0,https://kurshub.ru/go/?id=64075,12
253,Skillfactory,Профессия Data Scientist,215640,0,https://kurshub.ru/go/?id=64050,24
254,Skillfactory,Полный курс по Data Science,150840,0,https://kurshub.ru/go/?id=64033,14
255,Skillfactory,Курс Data Analyst с нуля,111960,0,https://kurshub.ru/go/?id=64015,10
256,Skillfactory,Полный курс по анализу данных,107640,0,https://kurshub.ru/go/?id=64032,6
257,Skillfactory,Курс Machine Learning и Deep Learning,69480,0,https://kurshub.ru/go/?id=64016,5
258,Skillfactory,Тренажер Power BI,59880,0,https://kurshub.ru/go/?id=64070,3
259,Skillfactory,Математика и Machine Learning для Data Science,50040,0,https://kurshub.ru/go/?id=64022,6
260,Skillfactory,Нейронные сети и Deep Learning,46680,0,https://kurshub.ru/go/?id=64027,3.5
261,Skillfactory,Курс «Python для анализа данных»,43080,0,https://kurshub.ru/go/?id=64010,2
262,Skillfactory,Курс Математика для Data Science,19900,0,https://kurshub.ru/go/?id=64011,2
263,Skillfactory,Мастер Google таблиц,18900,0,https://kurshub.ru/go/?id=64021,1
264,Skillfactory,Лидер цифровой трансформации,163333,0,https://kurshub.ru/go/?id=64017,45
265,Skillfactory,Профессия Финансовый Аналитик,104040,0,https://kurshub.ru/go/?id=64045,7
266,Skillfactory,IT-рекрутер,69360,0,https://kurshub.ru/go/?id=64078,3
267,Geekbrains,Java-разработчик с нуля до Middle,258948,0,https://kurshub.ru/go/?id=61808,24
268,Geekbrains,Frontend-разработчик с нуля до Middle,216288,0,https://kurshub.ru/go/?id=61802,24
269,Geekbrains,DevOps-инженер с нуля до Middle,188002,0,https://kurshub.ru/go/?id=61799,24
270,Geekbrains,Python-разработчик с нуля до Middle,188002,0,https://kurshub.ru/go/?id=61815,24
271,Geekbrains,Профессия Разработчик на C++,165210,0,https://kurshub.ru/go/?id=61741,8
272,Geekbrains,Факультет Разработки на C++,163584,0,https://kurshub.ru/go/?id=61779,12
273,Geekbrains,1С-разработчик с нуля до Junior,163584,0,https://kurshub.ru/go/?id=61638,12
274,Geekbrains,Android-разработчик с нуля до Junior,162868,0,https://kurshub.ru/go/?id=61794,12
275,Geekbrains,Разработчик игр на Unity,153204,0,https://kurshub.ru/go/?id=66264,10
276,Geekbrains,Профессия DevOps-инженер,140652,0,https://kurshub.ru/go/?id=61743,12
277,Geekbrains,Профессиональная разработка Android-приложений,138191,0,https://kurshub.ru/go/?id=61736,1
278,Geekbrains,iOS-разработчик,138191,0,https://kurshub.ru/go/?id=61807,1
279,Geekbrains,Java-разработчик: быстрый старт в профессии,138191,0,https://kurshub.ru/go/?id=61809,12
280,Geekbrains,Python-разработчик: быстрый старт в профессии,138191,0,https://kurshub.ru/go/?id=61816,12
281,Geekbrains,Веб-разработчик на Java,138191,0,https://kurshub.ru/go/?id=66246,9
282,Geekbrains,Frontend-разработка с нуля до Junior,138191,0,https://kurshub.ru/go/?id=66248,9
283,Geekbrains,Python-разработчик: быстрый старт в профессии,138191,0,https://kurshub.ru/go/?id=66265,9
284,Geekbrains,Факультет Разработки игр на Unreal Engine 4,134996,0,https://kurshub.ru/go/?id=61778,12
285,Geekbrains,Разработчик игр на Unreal Engine,134996,0,https://kurshub.ru/go/?id=66260,12
286,Geekbrains,Программист с нуля до Junior,128750,0,https://kurshub.ru/go/?id=61734,12
287,Geekbrains,Разработчик на C++  с нуля до Junior,128750,0,https://kurshub.ru/go/?id=61753,12
288,Geekbrains,Разработчик: старт в ИТ с нуля до Junior,128750,0,https://kurshub.ru/go/?id=61754,12
289,Geekbrains,Специалист по информационной безопасности с нуля до Junior,128750,0,https://kurshub.ru/go/?id=61761,12
290,Geekbrains,Факультет Сетевой инженер,128750,0,https://kurshub.ru/go/?id=61781,12
291,Geekbrains,Тестировщик с нуля до Junior,128052,0,https://kurshub.ru/go/?id=61768,12
292,Geekbrains,Разработчик на C++: быстрый старт в профессии,110138,0,https://kurshub.ru/go/?id=66267,9
293,Geekbrains,Backend-разработчик,109728,0,https://kurshub.ru/go/?id=61796,9
294,Geekbrains,Тестировщик с нуля до Middle,109260,0,https://kurshub.ru/go/?id=66226,24
295,Geekbrains,Разработчик на C#: быстрый старт в профессии,109243,0,https://kurshub.ru/go/?id=61752,12
296,Geekbrains,Специалист по автоматизированному тестированию,109243,0,https://kurshub.ru/go/?id=61759,9
297,Geekbrains,Курс «1C-разработчик: быстрый старт в профессии»,109243,0,https://kurshub.ru/go/?id=66253,9
298,Geekbrains,Специалист по автоматизированному тестированию,109243,0,https://kurshub.ru/go/?id=66266,9
299,Geekbrains,Курс «1С-разработчик: быстрый старт в профессии»,109243,0,https://kurshub.ru/go/?id=61695,9
300,Geekbrains,DevOps-инженер: быстрый старт в профессии,107039,0,https://kurshub.ru/go/?id=66269,9
301,Geekbrains,Тестировщик ПО,78228,0,https://kurshub.ru/go/?id=61767,9
302,Geekbrains,Онлайн-практикум «Напиши свою первую программу»,0,0,https://kurshub.ru/go/?id=61744,0
303,Geekbrains,Основы безопасности и анонимности в сети,0,0,https://kurshub.ru/go/?id=61702,0
304,Geekbrains,Основы C++,0,0,https://kurshub.ru/go/?id=61783,0
305,Geekbrains,Разработка под Android на языке Java,0,0,https://kurshub.ru/go/?id=61765,0
306,Geekbrains,First Person Shooter на Unity,0,0,https://kurshub.ru/go/?id=61780,0
307,Geekbrains,Git. Базовый курс,0,0,https://kurshub.ru/go/?id=61817,0
308,Geekbrains,Графические приложения на C#,0,0,https://kurshub.ru/go/?id=61818,0
309,Geekbrains,Знакомство с веб-безопасностью,0,0,https://kurshub.ru/go/?id=61737,0
310,Geekbrains,Игры на Java,0,0,https://kurshub.ru/go/?id=61763,0
311,Geekbrains,Клиент-серверная игра,0,0,https://kurshub.ru/go/?id=66271,0
312,Geekbrains,Профессия SMM-специалист,160164,0,https://kurshub.ru/go/?id=61775,8
313,Geekbrains,Курс «Сценарист»,119505,0,https://kurshub.ru/go/?id=61662,10
314,Geekbrains,Факультет Таргетированной рекламы,110111,0,https://kurshub.ru/go/?id=61666,12
315,Geekbrains,Таргетолог: быстрый старт в профессии,91556,0,https://kurshub.ru/go/?id=61820,6
316,Geekbrains,Факультет Редактуры и копирайтинга,87044,0,https://kurshub.ru/go/?id=61704,12
317,Geekbrains,SEO-специалист,87044,0,https://kurshub.ru/go/?id=61697,12
318,Geekbrains,SMM-менеджер с нуля до Junior,87044,0,https://kurshub.ru/go/?id=61708,0
319,Geekbrains,Профессия Менеджер маркетплейсов,75008,0,https://kurshub.ru/go/?id=61715,8
320,Geekbrains,Специалист по контекстной рекламе: быстрый старт в профессии,72376,0,https://kurshub.ru/go/?id=66251,6
321,Geekbrains,Как продавать на Wildberries,37004,0,https://kurshub.ru/go/?id=66252,6
322,Geekbrains,"Работа с инструментами аналитики: Popsters, TargetHunter, LiveDune",0,0,https://kurshub.ru/go/?id=66257,0
323,Geekbrains,Факультет Графического дизайна,168791,0,https://kurshub.ru/go/?id=61660,12
324,Geekbrains,Графический дизайнер,168791,0,https://kurshub.ru/go/?id=61700,12
325,Geekbrains,Дизайнер мобильных приложений,163584,0,https://kurshub.ru/go/?id=61785,24
326,Geekbrains,UX/UI-дизайнер с нуля до Middle,147816,0,https://kurshub.ru/go/?id=61751,24
327,Geekbrains,Курс Дизайнер интерфейсов UX/UI,133432,0,https://kurshub.ru/go/?id=61678,12
328,Geekbrains,Курс «Иллюстратор»,129169,0,https://kurshub.ru/go/?id=61798,11
329,Geekbrains,Ландшафтный дизайнер,128750,0,https://kurshub.ru/go/?id=61760,12
330,Geekbrains,Моушн-дизайнер,128750,0,https://kurshub.ru/go/?id=61762,12
331,Geekbrains,Моушн-дизайнер,128750,0,https://kurshub.ru/go/?id=61786,12
332,Geekbrains,Ландшафтный дизайнер: быстрый старт в профессии,128750,0,https://kurshub.ru/go/?id=66270,12
333,Geekbrains,Геймдизайнер,114109,0,https://kurshub.ru/go/?id=61819,10
334,Нетология,Программные системы и автоматизация процессов разработки,195000,0,https://kurshub.ru/go/?id=66239,48
335,Нетология,DevOps-инженер с нуля,177600,0,https://kurshub.ru/go/?id=62776,24
336,Нетология,Веб-разработчик с нуля,148200,0,https://kurshub.ru/go/?id=62535,17
337,Нетология,Java-разработчик с нуля,138000,0,https://kurshub.ru/go/?id=62792,14
338,Нетология,Инженер по тестированию: с нуля до middle,137400,0,https://kurshub.ru/go/?id=62563,14
339,Нетология,Frontend-разработчик с нуля,135000,0,https://kurshub.ru/go/?id=62785,13
340,Нетология,Инженер по тестированию: с нуля до middle,134700,0,https://kurshub.ru/go/?id=62562,15
341,Нетология,iOS-разработчик  с нуля,132000,0,https://kurshub.ru/go/?id=62790,13
342,Нетология,Профессия 1C-программист: с нуля до middle,123600,0,https://kurshub.ru/go/?id=62685,17
343,Нетология,Разработка IT‑продуктов и информационных систем,110000,0,https://kurshub.ru/go/?id=62697,48
344,Нетология,1С-программист,108120,0,https://kurshub.ru/go/?id=62502,11
345,Нетология,Разработчик игр на Unity,105798,0,https://kurshub.ru/go/?id=62698,6.5
346,Нетология,DevOps-инженер,105000,0,https://kurshub.ru/go/?id=62775,16
347,Нетология,Тестировщик ПО,103800,0,https://kurshub.ru/go/?id=62731,6
348,Нетология,Frontend-разработчик,102000,0,https://kurshub.ru/go/?id=62784,13
349,Нетология,Инженер по автоматизации,98700,0,https://kurshub.ru/go/?id=62561,13
350,Нетология,Сетевой инженер,88800,0,https://kurshub.ru/go/?id=62705,13
351,Нетология,Python-разработчик с нуля,87000,0,https://kurshub.ru/go/?id=62806,6
352,Нетология,Bitrix-разработчик с нуля,86040,0,https://kurshub.ru/go/?id=62767,13
353,Нетология,Soft Skills для руководителя,75045,0,https://kurshub.ru/go/?id=62812,4
354,Нетология,Python для анализа данных,51870,0,https://kurshub.ru/go/?id=62804,4
355,Нетология,Как стать результативным руководителем,31220,0,https://kurshub.ru/go/?id=62587,2
356,Нетология,Django: создание backend-приложений,28000,0,https://kurshub.ru/go/?id=62778,2
357,Нетология,React: библиотека фронтенд-разработки №1,28000,0,https://kurshub.ru/go/?id=62808,3
358,Нетология,Старт в программировании,990,0,https://kurshub.ru/go/?id=62725,1
359,Нетология,Специалист по информационной безопасности: старт карьеры,0,0,https://kurshub.ru/go/?id=62741,0
360,Нетология,Тестировщик: начните карьеру в IT,0,0,https://kurshub.ru/go/?id=62728,0
361,Нетология,1С-программист: первые шаги в профессию,0,0,https://kurshub.ru/go/?id=62809,0
362,Нетология,Языки программирования: что учить для карьеры в этом году,0,0,https://kurshub.ru/go/?id=62616,0
363,Нетология,Python-разработка для начинающих,0,0,https://kurshub.ru/go/?id=62603,0
364,Нетология,Как стать востребованным 1С-разработчиком,0,0,https://kurshub.ru/go/?id=62722,0
365,Нетология,Как стать программистом,0,0,https://kurshub.ru/go/?id=62622,0
366,Нетология,Как стать специалистом по информационной безопасности и работать в перспективной отрасли,0,0,https://kurshub.ru/go/?id=62602,0
367,Нетология,Как стать UX/UI-дизайнером: создай свой первый сайт,0,0,https://kurshub.ru/go/?id=62818,0
368,Нетология,Основы  HTML и CSS,0,0,https://kurshub.ru/go/?id=62723,0
369,Нетология,"Frontend-разработка: основы HTML, CSS и JavaScript",0,0,https://kurshub.ru/go/?id=62621,0
370,Нетология,Основы разработки на Java,0,0,https://kurshub.ru/go/?id=62721,0
371,Нетология,Первая игра на Unity за 3 дня,0,0,https://kurshub.ru/go/?id=62724,0
372,Нетология,Управление проектами в ecommerce,600000,0,https://kurshub.ru/go/?id=62738,24
373,Нетология,Сценарное мастерство,192900,0,https://kurshub.ru/go/?id=62510,4
374,Нетология,SEO-специалист: с нуля до middle,107085,0,https://kurshub.ru/go/?id=62601,11
375,Нетология,Маркетинговая стратегия и MarTech,91000,0,https://kurshub.ru/go/?id=62604,2
376,Нетология,Копирайтер: расширенная версия,84000,0,https://kurshub.ru/go/?id=62652,12
377,Нетология,Специалист по контекстной рекламе: с нуля до middle,80520,0,https://kurshub.ru/go/?id=62661,8
378,Нетология,Менеджер по маркетплейсам: расширенный курс,60000,0,https://kurshub.ru/go/?id=62633,7
379,Нетология,Копирайтер,50325,0,https://kurshub.ru/go/?id=62632,5
380,Нетология,UX-писатель,47740,0,https://kurshub.ru/go/?id=62609,3
381,Нетология,Специалист по Яндекс Директу,42000,0,https://kurshub.ru/go/?id=62669,5
382,Нетология,Менеджер по маркетплейсам,42000,0,https://kurshub.ru/go/?id=62543,4
383,Нетология,Специалист по контекстной рекламе в Яндекс Директе,36000,0,https://kurshub.ru/go/?id=62815,3
384,Нетология,Способы персонализации email-рассылок,790,0,https://kurshub.ru/go/?id=62703,1
385,Нетология,Триггерные письма как инструмент продаж,790,0,https://kurshub.ru/go/?id=62553,1
386,Нетология,Адаптивная верстка писем в email-маркетинге,790,0,https://kurshub.ru/go/?id=62817,1
387,Нетология,Контекстная реклама в Google Ads,790,0,https://kurshub.ru/go/?id=62542,1
388,Нетология,Креативное мышление и генерация идей,790,0,https://kurshub.ru/go/?id=62702,2
389,Нетология,Основы поисковой оптимизации (SEO),790,0,https://kurshub.ru/go/?id=62816,1
390,Нетология,Основы email-маркетинга,790,0,https://kurshub.ru/go/?id=62646,1
391,Нетология,Старт в SMM,0,0,https://kurshub.ru/go/?id=62567,0
392,Нетология,Аналитика для начинающих интернет-маркетологов,0,0,https://kurshub.ru/go/?id=62554,0
393,Нетология,Видеомонтаж: как делать интересные видео,0,0,https://kurshub.ru/go/?id=62655,0
394,Нетология,Как начать продавать на маркетплейсах,0,0,https://kurshub.ru/go/?id=66240,0
395,Нетология,Как начать работать с Ozon,0,0,https://kurshub.ru/go/?id=62512,0
396,Нетология,Как стать SEO специалистом,0,0,https://kurshub.ru/go/?id=66231,0
397,Нетология,Основы работы с текстом,0,0,https://kurshub.ru/go/?id=62506,0
398,Нетология,Развитие личного бренда HR в эпоху digital,0,0,https://kurshub.ru/go/?id=62769,0
399,Нетология,Моушн-дизайнер в 2D и 3D: расширенный курс,173700,0,https://kurshub.ru/go/?id=62514,15
400,Нетология,Моушн-дизайнер в 2D и 3D,143040,0,https://kurshub.ru/go/?id=62504,11
401,Нетология,Ландшафтный дизайнер. Расширенный курс,120960,0,https://kurshub.ru/go/?id=62513,10
402,Нетология,Первый шаг в графическом дизайне,117249,0,https://kurshub.ru/go/?id=62619,0
403,Нетология,Геймдизайнер,113160,0,https://kurshub.ru/go/?id=62798,10
404,Нетология,UI-дизайнер,99750,0,https://kurshub.ru/go/?id=62636,6
405,Нетология,Саунд-дизайнер,81336,0,https://kurshub.ru/go/?id=62618,7
406,Нетология,Дизайнер мобильных приложений,74861,0,https://kurshub.ru/go/?id=62780,4
407,Нетология,UX-дизайнер,66874,0,https://kurshub.ru/go/?id=66232,10
408,Нетология,Гейм-дизайн для начинающих,66360,0,https://kurshub.ru/go/?id=62749,5
409,Нетология,Саунд-дизайнер,66300,0,https://kurshub.ru/go/?id=62753,7
410,Нетология,UX-аналитика,61985,0,https://kurshub.ru/go/?id=62629,3
411,Нетология,Основы графического дизайна,52290,0,https://kurshub.ru/go/?id=62527,2
412,Нетология,Инфографика,39900,0,https://kurshub.ru/go/?id=62505,1
413,Нетология,Дизайнер презентаций,38710,0,https://kurshub.ru/go/?id=62789,25
414,Нетология,Основы скетчинга и прототипирования,790,0,https://kurshub.ru/go/?id=62746,1
415,Нетология,Дизайн интерьера: создаём проект квартиры,0,0,https://kurshub.ru/go/?id=62706,0
416,Нетология,Дизайнер интерфейсов: с чего начать погружение в UX/UI дизайн,0,0,https://kurshub.ru/go/?id=62748,0
417,Нетология,Основы графического дизайна: как развиваться в профессии,0,0,https://kurshub.ru/go/?id=62751,0
418,Нетология,Основы Adobe After Effects,0,0,https://kurshub.ru/go/?id=62674,0
419,Нетология,Основы Adobe Illustrator,0,0,https://kurshub.ru/go/?id=62526,0
420,Нетология,Инженерия данных,200000,0,https://kurshub.ru/go/?id=62747,22
421,Нетология,Аналитик данных с нуля до middle,159000,0,https://kurshub.ru/go/?id=62626,13
422,Нетология,Прикладной искусственный интеллект,135000,0,https://kurshub.ru/go/?id=62682,24
423,Нетология,1C-аналитик: с нуля до middle,129000,0,https://kurshub.ru/go/?id=62783,11
424,Нетология,Data Scientist,115800,0,https://kurshub.ru/go/?id=62625,16
425,Нетология,Аналитик BI: с нуля до middle,109200,0,https://kurshub.ru/go/?id=62613,12
426,Нетология,1C-аналитик,100200,0,https://kurshub.ru/go/?id=62592,8
427,Нетология,Аналитик BI,75000,0,https://kurshub.ru/go/?id=62729,9
428,Нетология,Машинное обучение,56700,0,https://kurshub.ru/go/?id=62760,10
429,Нетология,Power BI,32200,0,https://kurshub.ru/go/?id=62638,2
430,Нетология,Нейросети для каждого: как решать рабочие задачи быстрее,27720,0,https://kurshub.ru/go/?id=62690,2
431,Productstar,Профессия Python-разработчик,165480,0,https://kurshub.ru/go/?id=63171,10
432,Productstar,Профессия: Java-разработчик,165480,0,https://kurshub.ru/go/?id=63187,18
433,Productstar,Профессия Technical Продакт-менеджер,129600,0,https://kurshub.ru/go/?id=63172,12
434,Productstar,Профессия: Python-разработчик,129600,0,https://kurshub.ru/go/?id=63190,10
435,Productstar,КУРС: Java-разработчик,95175,0,https://kurshub.ru/go/?id=63138,8
436,Productstar,Профессия инженер по тестированию с 0,95175,0,https://kurshub.ru/go/?id=63163,7
437,Productstar,Интенсивный курс: It быстрый старт,46800,0,https://kurshub.ru/go/?id=63122,6
438,Productstar,Курс: Junior Product Manager,46350,0,https://kurshub.ru/go/?id=63139,2
439,Productstar,Основы Python-разработки,46350,0,https://kurshub.ru/go/?id=63152,3
440,Productstar,Основы Java от Amazon,39600,0,https://kurshub.ru/go/?id=63150,0
441,Productstar,Основы No code: Быстрый старт,39600,0,https://kurshub.ru/go/?id=63151,2
442,Productstar,Основы Web-разработки с 0,39600,0,https://kurshub.ru/go/?id=63153,2
443,Productstar,Погружение в основы Python с 0,39600,0,https://kurshub.ru/go/?id=63154,2
444,Productstar,"Создание сайтов, лендингов на Tilda",39600,0,https://kurshub.ru/go/?id=63196,2
445,Productstar,Знакомство с программированием,0,0,https://kurshub.ru/go/?id=63129,0
446,Productstar,Профессия: Java-разработчик,0,0,https://kurshub.ru/go/?id=63145,0
447,Productstar,Курс: Директор по продукту (CPO),129600,0,https://kurshub.ru/go/?id=63146,3
448,Productstar,Менеджмент Mobile-продуктов,39912,0,https://kurshub.ru/go/?id=63206,2
449,Productstar,Навык: A/B-тестирование,39600,0,https://kurshub.ru/go/?id=63192,2
450,Productstar,Growth hacking,39600,0,https://kurshub.ru/go/?id=63167,2
451,Productstar,Профессия: UX/UI-дизайнер,165480,0,https://kurshub.ru/go/?id=63168,10
452,Productstar,Профессия Data Engineer,129600,0,https://kurshub.ru/go/?id=63176,9
453,Productstar,Профессия Data Scientist,129600,0,https://kurshub.ru/go/?id=63197,10
454,Productstar,Профессия: Аналитик,129600,0,https://kurshub.ru/go/?id=63137,12
455,Productstar,Специалист AI Data Science,129600,0,https://kurshub.ru/go/?id=63201,10
456,Productstar,Курс: Data Scientist,95175,0,https://kurshub.ru/go/?id=63205,6
457,Productstar,Data Science: быстрый старт,46350,0,https://kurshub.ru/go/?id=63214,2
458,Яндекс. Практикум,Android-разработчик,168000,0,https://kurshub.ru/go/?id=65000,12
459,Яндекс. Практикум,Java-разработчик,147000,0,https://kurshub.ru/go/?id=65008,10
460,Яндекс. Практикум,Фронтенд-разработчик буткемп,140000,0,https://kurshub.ru/go/?id=64998,5
461,Яндекс. Практикум,iOS-разработчик,140000,0,https://kurshub.ru/go/?id=65006,10
462,Яндекс. Практикум,Python-разработчик,138600,0,https://kurshub.ru/go/?id=65009,9
463,Яндекс. Практикум,Python-разработчик плюс,138600,0,https://kurshub.ru/go/?id=65010,14
464,Яндекс. Практикум,Разработчик C++,126000,0,https://kurshub.ru/go/?id=64989,9
465,Яндекс. Практикум,DevOps для эксплуатации и разработки,124000,0,https://kurshub.ru/go/?id=65003,6
466,Яндекс. Практикум,Менеджер проектов,102000,0,https://kurshub.ru/go/?id=64973,6
467,Яндекс. Практикум,Мидл Python-разработчик,95000,0,https://kurshub.ru/go/?id=64975,6
468,Яндекс. Практикум,Мидл фронтенд-разработчик,78000,0,https://kurshub.ru/go/?id=64974,5
469,Яндекс. Практикум,Go-разработчик,76000,0,https://kurshub.ru/go/?id=65004,3
470,Яндекс. Практикум,Инженер по тестированию,72000,0,https://kurshub.ru/go/?id=64958,4
471,Яндекс. Практикум,Инженер по тестированию плюс,72000,0,https://kurshub.ru/go/?id=64959,9
472,Яндекс. Практикум,Автоматизатор тестирования на Java,70000,0,https://kurshub.ru/go/?id=64941,5
473,Яндекс. Практикум,Алгоритмы и структуры данных,62000,0,https://kurshub.ru/go/?id=64942,4
474,Яндекс. Практикум,React-разработчик,51000,0,https://kurshub.ru/go/?id=65012,3
475,Яндекс. Практикум,C++ для бэкенда,45000,0,https://kurshub.ru/go/?id=65001,2
476,Яндекс. Практикум,Асинхронное программирование на Python,40000,0,https://kurshub.ru/go/?id=64947,2.5
477,Яндекс. Практикум,Тестирование веб-приложений на Python,40000,0,https://kurshub.ru/go/?id=64994,2
478,Яндекс. Практикум,Инженер облачных сервисов,0,0,https://kurshub.ru/go/?id=64952,0
479,Яндекс. Практикум,Наставничество для тимлидов,0,0,https://kurshub.ru/go/?id=64956,0
480,Яндекс. Практикум,Основы Go,0,0,https://kurshub.ru/go/?id=64991,0
481,Яндекс. Практикум,Подготовка к алгоритмическому собеседованию,0,0,https://kurshub.ru/go/?id=64992,0
482,Яндекс. Практикум,Графический дизайнер,136000,0,https://kurshub.ru/go/?id=65002,4
483,Яндекс. Практикум,Инженер машинного обучения,130000,0,https://kurshub.ru/go/?id=64943,4
484,Яндекс. Практикум,Специалист по Data Science,112000,0,https://kurshub.ru/go/?id=65013,8.5
485,Яндекс. Практикум,Специалист по Data Science плюс,112000,0,https://kurshub.ru/go/?id=64972,8
486,Яндекс. Практикум,Data Science буткемп,112000,0,https://kurshub.ru/go/?id=64997,5
487,Яндекс. Практикум,Аналитик данных,96000,0,https://kurshub.ru/go/?id=64967,6
488,Яндекс. Практикум,SQL для работы с данными и аналитики,41000,0,https://kurshub.ru/go/?id=65007,1.5
489,Яндекс. Практикум,Математика для анализа данных,30000,0,https://kurshub.ru/go/?id=64969,4
490,Яндекс. Практикум,Курс по Excel для специалистов цифровых профессий,0,0,https://kurshub.ru/go/?id=64946,0
491,Яндекс. Практикум,Основы математики для цифровых профессий,0,0,https://kurshub.ru/go/?id=64971,0
492,Яндекс. Практикум,Финансовый менеджмент,79000,0,https://kurshub.ru/go/?id=64970,3
493,Skypro,Курс «Frontend-разработчик с нуля»,147420,0,https://kurshub.ru/go/?id=64094,12
494,Skypro,Курс «HTML и CSS с нуля»,147420,0,https://kurshub.ru/go/?id=64095,12
495,Skypro,Профессия: Java-разработчик,132822,0,https://kurshub.ru/go/?id=64104,11
496,Skypro,Курс «Backend-разработка на Java с нуля»,126786,0,https://kurshub.ru/go/?id=64092,12
497,Skypro,Профессия: Веб-разработчик,126690,0,https://kurshub.ru/go/?id=64101,12
498,Skypro,Профессия: Разработчик на Python,122372,0,https://kurshub.ru/go/?id=64103,6.5
499,Skypro,Курс «Тестировщик ПО с нуля»,105600,0,https://kurshub.ru/go/?id=64090,12
500,Skypro,Профессия: Инженер по тестированию,105600,0,https://kurshub.ru/go/?id=64102,12
501,Skypro,Курс «Контекстолог»,112284,0,https://kurshub.ru/go/?id=66222,6
502,Skypro,Курс «CRM-маркетолог»,112284,0,https://kurshub.ru/go/?id=66223,6
503,Skypro,Курс «SMM-менеджер»,112284,0,https://kurshub.ru/go/?id=66224,6
504,Skypro,Курс «Инфлюенс-менеджер»,112284,0,https://kurshub.ru/go/?id=66225,6
505,Skypro,Графический дизайнер,141956,0,https://kurshub.ru/go/?id=64083,10
506,Skypro,Курс «Анализ данных» с нуля,142460,0,https://kurshub.ru/go/?id=64085,12
507,Skypro,Курс «Программирование для анализа данных» с нуля,142460,0,https://kurshub.ru/go/?id=64088,12
508,Skypro,Курс «BI-аналитик» с нуля,142460,0,https://kurshub.ru/go/?id=64093,12
509,Skypro,Excel для анализа данных,25000,0,https://kurshub.ru/go/?id=64107,3
510,Skypro,Курс «Финансовый аналитик» с нуля,142460,0,https://kurshub.ru/go/?id=64091,12
511,Stepik,Продвинутая работа с ошибками в Go (Golang),21280,0,https://kurshub.ru/go/?id=64480,1.5
512,Stepik,Профессия C# разработчик,19990,0,https://kurshub.ru/go/?id=64484,1
513,Stepik,C# для продвинутых,11990,0,https://kurshub.ru/go/?id=64502,0
514,Stepik,"Frontend разработчик на HTML, CSS и JavaScript",7700,0,https://kurshub.ru/go/?id=64507,1
515,Stepik,Основы программирования C#,4990,0,https://kurshub.ru/go/?id=64467,1
516,Stepik,Программирование на Go,4400,0,https://kurshub.ru/go/?id=64477,0
517,Stepik,Android: Профессиональный уровень + Подготовка к собеседованию,3874,0,https://kurshub.ru/go/?id=64498,1
518,Stepik,Android разработка: Базовый курс + Основы программирования,3373,0,https://kurshub.ru/go/?id=64497,1
519,Stepik,Фундаментальный JavaScript,3200,0,https://kurshub.ru/go/?id=64496,1
520,Stepik,Thank Go! Golang на практике,3000,0,https://kurshub.ru/go/?id=64515,1
521,Stepik,React для современных веб-приложений,2990,0,https://kurshub.ru/go/?id=64513,1
522,Stepik,Java с нуля до Junior + Подготовка к собеседованию,2749,0,https://kurshub.ru/go/?id=64509,1
523,Stepik,"Django, потанцуем?",2500,0,https://kurshub.ru/go/?id=64505,1
524,Stepik,Объектно-ориентированное программирование на Python,2490,0,https://kurshub.ru/go/?id=64462,1
525,Stepik,Полный курс по JavaScript — С нуля до результата!,2490,0,https://kurshub.ru/go/?id=64473,1
526,Stepik,Тестирование ПО с Нуля до Специалиста,1784,0,https://kurshub.ru/go/?id=64491,2
527,Stepik,Kotlin — быстрый старт,1249,0,https://kurshub.ru/go/?id=64512,1
528,Stepik,Основы программирования на C/C++,707,0,https://kurshub.ru/go/?id=64466,0
529,Stepik,C++. Практикум. Часть 1,150,0,https://kurshub.ru/go/?id=64503,1
530,Stepik,Ruby — первое знакомство,0,0,https://kurshub.ru/go/?id=64446,0
531,Stepik,VR-интенсив,0,0,https://kurshub.ru/go/?id=64499,0
532,Stepik,Автоматизация тестирования с помощью Selenium и Python,0,0,https://kurshub.ru/go/?id=64474,0
533,Stepik,Введение в программирование (C++),0,0,https://kurshub.ru/go/?id=64463,0
